site,cluster,actors,active,demand30,leaderUsers30,leaderShare,leaderFail,leaderRating,leader,expectedUsers,access
"aldi","ecommerce",20,0,55.6667,9,0.1617,0,0,"dromb/aldi-au-product-search-catalog-unofficial",46.6667,"blocked 403"
"naukrigulf","jobs",21,4,350,128,0.3657,0.0015,5.0000,"blackfalcondata/naukrigulf-scraper",44.4000,"error (TimeoutError)"
"bayt","jobs",40,7,464,114,0.2457,0,5,"blackfalcondata/bayt-scraper",43.7500,"blocked 403"
"rightmove","real estate",85,3,215,45,0.2093,0.0202,5.0000,"memo23/rightmove-scraper",42.5000,"ok"
"greenhouse","jobs",89,12,621,124,0.1997,0,3,"fantastic-jobs/greenhouse-jobs-api",38.2308,"ok"
"lever","jobs",86,9,450,102,0.2267,0,0,"bovi/greenhouse-lever-ashby-job-scraper",34.8000,"error (ECONNRESET)"
"dice","jobs",76,6,408,174,0.4265,0.0011,4.5399,"shahidirfan/Dice-Job-Scraper",33.4286,"ok"
"propertyfinder","real estate",60,4,191,30,0.1571,0,5,"azzouzana/propertyfinder-ads-search-results-pages-scraper",32.2000,"challenge (captcha)"
"allegro","ecommerce",27,2,179,84,0.4693,0.0002,5.0000,"memo23/allegro-scraper",31.6667,"blocked 403"
"ashby","jobs",83,9,414,102,0.2464,0,0,"bovi/greenhouse-lever-ashby-job-scraper",31.2000,"blocked 404"
"flipkart","ecommerce",63,5,218,33,0.1514,0.0352,0,"piotrv1001/flipkart-listings-scraper",30.8333,"blocked 529"
"mercari","ecommerce",49,3,150,27,0.1800,0.0004,5,"fatihtahta/mercari-japan-scraper",30.7500,"ok"
"jobstreet","jobs",46,3,220,100,0.4545,0.0030,5,"blackfalcondata/jobstreet-scraper",30.0000,"blocked 403"
"realestate.com.au","real estate",18,4,205,56,0.2732,0,5.0000,"one-api/realestate-com-au-scraper",29.8000,"blocked 429"
"immobiliare","real estate",33,5,281,104,0.3701,0.0044,5,"memo23/immobiliare-scraper",29.5000,"blocked 403"
"otodom","real estate",47,1,98,39,0.3980,0.3163,0,"trev0n/otodom-scraper",29.5000,"challenge (captcha)"
"target","ecommerce",46,4,174,28,0.1609,0.0008,5,"automation-lab/target-scraper",29.2000,"challenge (captcha)"
"workable","jobs",70,2,99,12,0.1212,0,0,"jobo.world/workable-jobs-scraper-api",29,"challenge (challenge-platform)"
"coupang","ecommerce",22,7,299,69,0.2308,0.0023,0,"zen-studio/coupang-search-scraper",28.7500,"blocked 403"
"workday","jobs",87,11,474.6667,130,0.2739,0,5,"fantastic-jobs/workday-jobs-api",28.7222,"ok"
"immobilienscout24","real estate",30,5,348,176,0.5057,0.0270,5,"memo23/immobilienscout24-scraper",28.6667,"blocked 401"
"welcome to the jungle","jobs",43,6,356,157,0.4410,0.0001,0,"clearpath/welcome-to-the-jungle-jobs-api",28.4286,"ok"
"redfin","real estate",88,8,308,54,0.1753,0.0041,4.9974,"tri_angle/redfin-search",28.2222,"ok"
"tesco","ecommerce",23,1,67,12,0.1791,0.0090,4.5204,"radeance/tesco-scraper",27.5000,"blocked 403"
"realtor","real estate",95,18,597,86,0.1441,0.0035,5.0000,"memo23/realtor-search-cheerio",26.8947,"blocked 429"
"zoopla","real estate",57,3,131,27,0.2061,0.6046,4.8458,"tri_angle/fast-zoopla-properties-scraper",26,"blocked 403"
"ziprecruiter","jobs",43,6,341,165,0.4839,0.0301,0,"crawlerbros/ziprecruiter-scraper-pro",25.1429,"challenge (challenge-platform)"
"remoteok","jobs",76,6,232,61,0.2629,0,0,"inlifeprojects/remoteok-jobs-scraper",24.4286,"ok"
"reed","jobs",49,6,241,72,0.2988,0,0,"scrapersdelight/reed-jobs-scraper",24.1429,"ok"
"domain.com.au","real estate",35,4,140,21,0.1500,0,0,"memo23/domain-com-au-scraper",23.8000,"blocked 403"
"home depot","ecommerce",29,5,180,39,0.2167,0.1837,0,"crawlerbros/homedepot-scraper",23.5000,"ok"
"foundit","jobs",23,8,405,195,0.4815,0,5,"themineworks/foundit-jobs-scraper",23.3333,"blocked 403"
"himalayas","jobs",40,2,189,120,0.6349,0,0,"inlifeprojects/himalayas-jobs-scraper",23,"blocked 403"
"seloger","real estate",40,3,144,53,0.3681,0,5.0000,"azzouzana/seloger-mass-products-scraper-by-search-url",22.7500,"blocked 403"
"infojobs","jobs",45,6,214,58,0.2710,0.0023,5,"easyapi/infojobs-job-scraper",22.2857,"ok"
"funda","real estate",43,3,123,35,0.2846,0.0627,5,"memo23/funda-scraper",22,"challenge (captcha)"
"smartrecruiters","jobs",47,1,55,11,0.2000,0,0,"jobo.world/smartrecruiters-jobs-scraper-api",22,"challenge (challenge-platform)"
"rakuten","ecommerce",35,1,55,12,0.2182,0.0043,0,"piotrv1001/rakuten-japan-listings-scraper",21.5000,"ok"
"arbeitsagentur","jobs",31,5,177,50,0.2825,0.0010,5,"lexis-solutions/bundesagentur-fur-arbeit-arbeitsagentur-scraper",21.1667,"ok"
"apartments.com","real estate",35,4,136,31,0.2279,0,0,"one-api/apartments-property-scraper",21,"blocked 403"
"simplyhired","jobs",26,2,97,34,0.3505,0.0062,5,"shahidirfan/Simplyhired-Job-Scraper",21,"blocked 403"
"jobsdb","jobs",28,3,109,28,0.2569,0.0003,5,"blackfalcondata/jobsdb-scraper",20.2500,"blocked 403"
"magicbricks","real estate",22,1,70,30,0.4286,0,0,"thirdwatch/magicbricks-scraper",20,"ok"
"zonaprop","real estate",23,1,69,30,0.4348,0.0320,5,"memo23/zonaprop-scraper",19.5000,"blocked 403"
"bayut","real estate",32,5,181,64,0.3536,0,5,"memo23/apify-bayut-scraper",19.5000,"blocked 503"
"lazada","ecommerce",32,4,184,88,0.4783,0.0064,5,"fatihtahta/lazada-scraper",19.2000,"ok"
"monster","jobs",18,5,309,195,0.6311,0,5,"themineworks/foundit-jobs-scraper",19.0000,"blocked 403"
"immowelt","real estate",34,6,185,54,0.2919,0.0079,5,"igolaizola/immowelt-scraper",18.7143,"blocked 403"
"totaljobs","jobs",27,3,107,35,0.3271,0.0050,5,"blackfalcondata/stepstone-jobs-feed",18.0000,"ok"
"99acres","real estate",19,4,112,22,0.1964,0.0042,0,"fatihtahta/99acres-scraper-ppe",18,"blocked 403"
"bestbuy","ecommerce",22,2,70,16,0.2286,0.0007,0,"crawlerbros/bestbuy-scraper",18,"error (TimeoutError)"
"otto","ecommerce",16,0,23,5,0.2174,0,0,"piotrv1001/otto-de-listings-scraper",18,"ok"
"vivareal","real estate",16,4,121,35,0.2893,0,5,"gio21/vivareal-zap-scraper",17.2000,"blocked 403"
"cv-library","jobs",12,1,55,21,0.3818,0,0,"solidcode/cv-library-co-uk-scraper",17,"ok"
"computrabajo","jobs",24,4,114,30,0.2632,0,5.0000,"shahidirfan/Computrabajo-Jobs-Scraper",16.8000,"ok"
"noon","ecommerce",30,7,160,28,0.1750,0,5,"shahidirfan/Noon-com-Scraper",16.5000,"error (TimeoutError)"
"builtin","jobs",30,4,146,66,0.4521,0.0288,0,"solidcode/builtin-scraper",16,"ok"
"teamtailor","jobs",18,0,18,2,0.1111,0,0,"freshactors/teamtailor-jobs-scraper",16,"ok"
"weworkremotely","jobs",40,6,137,29,0.2117,0.0033,5,"memo23/weworkremotely-jobs-scraper",15.4286,"blocked 403"
"tokopedia","ecommerce",28,4,96,19,0.1979,0,5,"shahidirfan/tokopedia-search-scraper",15.4000,"error (TimeoutError)"
"wayfair","ecommerce",21,2,63,17,0.2698,0.2903,0,"memo23/wayfair-scraper",15.3333,"blocked 429"
"trendyol","ecommerce",26,6,150,44,0.2933,0.0867,5,"fatihtahta/trendyol-scraper",15.1429,"blocked 403"
"propertyguru","real estate",19,1,42,12,0.2857,0.0275,3.2661,"abotapi/propertyguru-sg-scraper",15,"blocked 403"
"zalando","ecommerce",20,1,43,15,0.3488,0.0264,4.8854,"memo23/zalando-scraper",14.0000,"error (TimeoutError)"
"catho","jobs",12,0,22,8,0.3636,0,5,"shahidirfan/Catho-Jobs-Scraper",14,"ok"
"adzuna","jobs",6,3,96,40,0.4167,0.0638,5,"doggo/uk-jobs-board-scraper",14.0000,"ok"
"fotocasa","real estate",27,3,127.6667,72,0.5640,0.0080,5,"igolaizola/fotocasa-scraper",13.9167,"ok"
"bol.com","ecommerce",11,1,50,23,0.4600,0,0,"abotapi/bol-com-scraper",13.5000,"blocked 403"
"idealo","ecommerce",15,1,53,27,0.5094,0.0009,5.0000,"pricepirate/idealo-price-data-api",13,"blocked 403"
"usajobs","jobs",17,0,17,4,0.2353,0,0,"logiover/usajobs-scraper",13,"ok"
"woolworths","ecommerce",20,3,67.3333,20,0.2970,0.0556,5,"abotapi/woolworths-au-scraper",11.8333,"blocked 403"
"pracuj","jobs",19,4,102,45,0.4412,0.0031,5,"blackfalcondata/pracuj-scraper",11.4000,"blocked 403"
"cdiscount","ecommerce",11,0,15,4,0.2667,0,5.0000,"shahidirfan/cdiscount-product-scraper",11,"challenge (challenge-platform)"
"jora","jobs",18,2,60,28,0.4667,0.0193,5,"shahidirfan/Jora-Jobs-Scraper",10.6667,"blocked 403"
"costco","ecommerce",21,2,48,16,0.3333,0,4.5983,"e-commerce/costco-fast-product-scraper",10.6667,"ok"
"falabella","ecommerce",14,0,15,5,0.3333,0.7276,0,"scraperschile/falabella",10.0000,"ok"
"jobindex","jobs",17,1,40,20,0.5000,0.0125,5,"blackfalcondata/jobindex-scraper",10,"ok"
"kroger","ecommerce",10,0,14,4,0.2857,0.0198,5,"e-commerce/kroger-fast-product-scraper",10,"error (TimeoutError)"
"occ","jobs",8,1,32,15,0.4688,0.0192,0,"unfenced-group/occ-com-mx-scraper",8.5000,"ok"
"bumeran","jobs",10,2,43,20,0.4651,0.2836,0,"blackfalcondata/bumeran-scraper",7.6667,"ok"
"emag","ecommerce",12,1,23,11,0.4783,0.5524,5,"extractify-labs/emag-scraper",6,"blocked 511"
"saramin","jobs",7,0,7,1,0.1429,0.1034,0,"logiover/saramin-scraper",6,"ok"
"sainsbury","ecommerce",5,1,24,13,0.5417,0.1329,5,"illehius/sainsburys-scraper",5.5000,"blocked 403"
"asda","ecommerce",6,1,20,10,0.5000,0,5,"illehius/asda-scraper",5,"blocked 403"
"ddproperty","real estate",5,0,8,3,0.3750,0,0,"abotapi/ddproperty-scraper",5,"blocked 403"
"careerbuilder","jobs",6,1,19,10,0.5263,0.0263,0,"parseforge/careerbuilder-scraper",4.5000,"blocked 403"
"jobthai","jobs",3,0,4,2,0.5000,0,0,"mai_amm/jobthai-scraper",2,"ok"
"jobkorea","jobs",4,0,3,2,0.6667,0.0800,0,"scrapeai/jobkorea-scraper",1,"ok"
